[
  {
    "id": 37180,
    "questionBankId": 31,
    "selectItem": "[{\"answer\":0,\"text\":\"亚胺培南\",\"value\":0}, {\"answer\":1,\"text\":\"氨基糖苷类\",\"value\":1}, {\"answer\":0,\"text\":\"甲硝唑\",\"value\":2}, {\"answer\":0,\"text\":\"克林霉素\",\"value\":3}]",
    "title": "厌氧菌感染不可以选用"
  },
  {
    "id": 37134,
    "questionBankId": 31,
    "selectItem": "[{\"answer\":0,\"text\":\"氨苄西林\",\"value\":0}, {\"answer\":0,\"text\":\"庆大霉素\",\"value\":1}, {\"answer\":0,\"text\":\"氯霉素\",\"value\":2}, {\"answer\":1,\"text\":\"红霉素\",\"value\":3}]",
    "title": "对青霉素过敏的革兰阳性球菌感染宜选用"
  },
  {
    "id": 37050,
    "questionBankId": 31,
    "selectItem": "[{\"answer\":0,\"text\":\"大肠杆菌\",\"value\":0}, {\"answer\":0,\"text\":\"沙眼衣原体\",\"value\":1}, {\"answer\":1,\"text\":\"军团菌\",\"value\":2}, {\"answer\":0,\"text\":\"变形杆菌\",\"value\":3}]",
    "title": "红霉素对下列细菌感染首选是"
  },
  {
    "id": 37170,
    "questionBankId": 31,
    "selectItem": "[{\"answer\":0,\"text\":\"头孢曲松\",\"value\":0}, {\"answer\":0,\"text\":\"左氧氟沙星\",\"value\":1}, {\"answer\":1,\"text\":\"红霉素\",\"value\":2}, {\"answer\":0,\"text\":\"阿米卡星\",\"value\":3}]",
    "title": "支原体引起呼吸道感染的首选药物是"
  },
  {
    "id": 37131,
    "questionBankId": 31,
    "selectItem": "[{\"answer\":0,\"text\":\"庆大霉素\",\"value\":0}, {\"answer\":0,\"text\":\"青霉素\",\"value\":1}, {\"answer\":0,\"text\":\"头孢氨苄\",\"value\":2}, {\"answer\":1,\"text\":\"双氯西林\",\"value\":3}]",
    "title": "某患者患耐青霉素的金葡菌性心内膜炎,青霉素试敏阴性,既往有慢性肾盂肾炎,应选用"
  },
  {
    "id": 37082,
    "questionBankId": 31,
    "selectItem": "[{\"answer\":0,\"text\":\"β-内酰胺酶抑制剂\",\"value\":0}, {\"answer\":0,\"text\":\"二氢叶酸酶抑制剂\",\"value\":1}, {\"answer\":1,\"text\":\"花生四烯酸环氧化酶抑制剂\",\"value\":2}, {\"answer\":0,\"text\":\"二氢叶酸合成酶抑制剂\",\"value\":3}]",
    "title": "非甾体抗炎药的作用机制为"
  },
  {
    "id": 37153,
    "questionBankId": 31,
    "selectItem": "[{\"answer\":0,\"text\":\"阿司匹林\",\"value\":0}, {\"answer\":1,\"text\":\"美罗昔康\",\"value\":1}, {\"answer\":0,\"text\":\"对乙酰氨基酚\",\"value\":2}, {\"answer\":0,\"text\":\"丙磺舒\",\"value\":3}]",
    "title": "下列药物中消炎镇痛作用最强的是"
  },
  {
    "id": 37164,
    "questionBankId": 31,
    "selectItem": "[{\"answer\":0,\"text\":\"去甲肾上腺素\",\"value\":0}, {\"answer\":1,\"text\":\"麻黄碱\",\"value\":1}, {\"answer\":0,\"text\":\"异丙申肾上腺素\",\"value\":2}, {\"answer\":0,\"text\":\"肾上腺素\",\"value\":3}]",
    "title": "急慢性鼻炎、鼻窦炎引起鼻充血时,可用于滴鼻的药物是"
  },
  {
    "id": 37188,
    "questionBankId": 31,
    "selectItem": "[{\"answer\":0,\"text\":\"减少不良反应\",\"value\":0}, {\"answer\":0,\"text\":\"扩大抗菌谱\",\"value\":1}, {\"answer\":0,\"text\":\"增加抗菌活性\",\"value\":2}, {\"answer\":1,\"text\":\"相互竞争结合部位,产生拮抗作用\",\"value\":3}]",
    "title": "红霉素与林可霉素联合使用可以"
  },
  {
    "id": 37051,
    "questionBankId": 31,
    "selectItem": "[{\"answer\":1,\"text\":\"红霉素\",\"value\":0}, {\"answer\":0,\"text\":\"异烟肼\",\"value\":1}, {\"answer\":0,\"text\":\"吡哌酸\",\"value\":2}, {\"answer\":0,\"text\":\"呋喃唑酮\",\"value\":3}]",
    "title": "下列对支原体肺炎首选药物是"
  },
  {
    "id": 37047,
    "questionBankId": 31,
    "selectItem": "[{\"answer\":0,\"text\":\"增强机体对疾病的防御能力\",\"value\":0}, {\"answer\":0,\"text\":\"增强抗生素的抗菌活性\",\"value\":1}, {\"answer\":0,\"text\":\"增强机体应激性\",\"value\":2}, {\"answer\":1,\"text\":\"抗毒、抗休克、缓解毒血症状\",\"value\":3}]",
    "title": "糖皮质激素和抗生素合用治疗严重感染的目的是"
  },
  {
    "id": 37114,
    "questionBankId": 31,
    "selectItem": "[{\"answer\":0,\"text\":\"促进炎症消散\",\"value\":0}, {\"answer\":0,\"text\":\"降低毛细血管通透性\",\"value\":1}, {\"answer\":0,\"text\":\"降低毒素对机体的损害\",\"value\":2}, {\"answer\":1,\"text\":\"抑制毛细血管和成纤维细胞的增生,延缓肉芽组织形成\",\"value\":3}]",
    "title": "强的松对炎症后期的作用是"
  },
  {
    "id": 37142,
    "questionBankId": 31,
    "selectItem": "[{\"answer\":0,\"text\":\"氨苄西林\",\"value\":0}, {\"answer\":0,\"text\":\"阿莫西林\",\"value\":1}, {\"answer\":1,\"text\":\"复方磺胺甲恶唑\",\"value\":2}, {\"answer\":0,\"text\":\"氨苄西林+舒巴坦\",\"value\":3}]",
    "title": "治疗由流感嗜血杆菌引起的肺炎、脑膜炎的首选药物不包括"
  },
  {
    "id": 37194,
    "questionBankId": 31,
    "selectItem": "[{\"answer\":0,\"text\":\"庆大霉素\",\"value\":0}, {\"answer\":0,\"text\":\"环丙沙星\",\"value\":1}, {\"answer\":0,\"text\":\"克拉霉素\",\"value\":2}, {\"answer\":1,\"text\":\"哌拉西林\",\"value\":3}]",
    "title": "妊娠期可以选用的抗菌药物是"
  },
  {
    "id": 37199,
    "questionBankId": 31,
    "selectItem": "[{\"answer\":0,\"text\":\"干扰细菌蛋白质合成\",\"value\":0}, {\"answer\":0,\"text\":\"抑制细菌的核酸代谢\",\"value\":1}, {\"answer\":0,\"text\":\"抑制细菌的酶活性\",\"value\":2}, {\"answer\":1,\"text\":\"破坏细胞壁中的肽聚糖\",\"value\":3}]",
    "title": "青霉素的抗菌作用机制是"
  },
  {
    "id": 37117,
    "questionBankId": 31,
    "selectItem": "[{\"answer\":0,\"text\":\"对乙酰氨基酚\",\"value\":0}, {\"answer\":0,\"text\":\"美洛昔康\",\"value\":1}, {\"answer\":0,\"text\":\"吡罗昔康\",\"value\":2}, {\"answer\":1,\"text\":\"秋水仙碱\",\"value\":3}]",
    "title": "对急性痛风性关节炎有选择性消炎作用的是"
  },
  {
    "id": 37056,
    "questionBankId": 31,
    "selectItem": "[{\"answer\":1,\"text\":\"泌尿系统感染\",\"value\":0}, {\"answer\":1,\"text\":\"呼吸道感染\",\"value\":1}, {\"answer\":1,\"text\":\"肠道感染\",\"value\":2}, {\"answer\":1,\"text\":\"前列腺炎\",\"value\":3}, {\"answer\":1,\"text\":\"皮肤软组织感染\",\"value\":4}]",
    "title": "喹诺酮药物适用于治疗"
  },
  {
    "id": 37216,
    "questionBankId": 31,
    "selectItem": "[{\"answer\":0,\"text\":\"呼吸抑制\",\"value\":0}, {\"answer\":1,\"text\":\"过敏反应\",\"value\":1}, {\"answer\":1,\"text\":\"泌尿系统损害\",\"value\":2}, {\"answer\":1,\"text\":\"抑制骨髓\",\"value\":3}, {\"answer\":1,\"text\":\"新生儿易引起黄疸\",\"value\":4}]",
    "title": "磺胺类药物的不良反应有"
  },
  {
    "id": 37138,
    "questionBankId": 31,
    "selectItem": "[{\"answer\":1,\"text\":\"红霉素\",\"value\":0}, {\"answer\":0,\"text\":\"阿莫西林\",\"value\":1}, {\"answer\":1,\"text\":\"头孢噻吩\",\"value\":2}, {\"answer\":1,\"text\":\"克林霉素\",\"value\":3}, {\"answer\":1,\"text\":\"万古霉素\",\"value\":4}]",
    "title": "对青霉素产生抗药性的金黄色葡萄球菌感染有效的抗菌药是"
  },
  {
    "id": 37084,
    "questionBankId": 31,
    "selectItem": "[{\"answer\":0,\"text\":\"贝诺酯\",\"value\":0}, {\"answer\":1,\"text\":\"丙磺舒\",\"value\":1}, {\"answer\":1,\"text\":\"别嘌醇\",\"value\":2}, {\"answer\":0,\"text\":\"布洛芬\",\"value\":3}, {\"answer\":0,\"text\":\"萘普生\",\"value\":4}]",
    "title": "下列哪些药物为抗痛风药物"
  },
  {
    "id": 37073,
    "questionBankId": 31,
    "selectItem": "[{\"answer\":1,\"text\":\"为苯丙酸的衍生物\",\"value\":0}, {\"answer\":1,\"text\":\"99%与血浆蛋白结合\",\"value\":1}, {\"answer\":1,\"text\":\"疗效并不优于乙酰水杨酸\",\"value\":2}, {\"answer\":1,\"text\":\"主要用于风湿性和类风湿性关节炎的治疗\",\"value\":3}, {\"answer\":1,\"text\":\"在滑膜腔保持高浓度\",\"value\":4}]",
    "title": "下列对布洛芬的叙述正确的是"
  },
  {
    "id": 37092,
    "questionBankId": 31,
    "selectItem": "[{\"answer\":1,\"text\":\"X线检查出现新的或进展的肺部浸润影\",\"value\":0}, {\"answer\":1,\"text\":\"发热超过38℃\",\"value\":1}, {\"answer\":1,\"text\":\"WBC>10×109/L或<4×109/L,伴或不伴中性粒细胞核左移\",\"value\":2}, {\"answer\":1,\"text\":\"血白细胞增多或减少\",\"value\":3}, {\"answer\":1,\"text\":\"脓性气道分泌物\",\"value\":4}]",
    "title": "医院获得性肺炎的临床表现主要有"
  },
  {
    "id": 37214,
    "questionBankId": 31,
    "selectItem": "[{\"answer\":1,\"text\":\"对G+菌有较强的抗菌作用\",\"value\":0}, {\"answer\":0,\"text\":\"对各种厌氧菌无效\",\"value\":1}, {\"answer\":1,\"text\":\"均与核蛋白体50s亚基结合\",\"value\":2}, {\"answer\":1,\"text\":\"主要治疗对青霉素过敏的金葡菌感染\",\"value\":3}, {\"answer\":1,\"text\":\"与红霉素之间有拮抗作用不宜合用\",\"value\":4}]",
    "title": "林可霉素类抗生素的共同点包括"
  },
  {
    "id": 37158,
    "questionBankId": 31,
    "selectItem": "[{\"answer\":1,\"text\":\"与呋塞米合用,水杨酸的排泄增加,不易引起蓄积中毒\",\"value\":0}, {\"answer\":0,\"text\":\"与双香豆素合用,增加其抗凝血作用\",\"value\":1}, {\"answer\":0,\"text\":\"与甲磺丁脲合用增加其降糖作用\",\"value\":2}, {\"answer\":1,\"text\":\"与甲氨蝶呤合用,降低其毒性\",\"value\":3}, {\"answer\":0,\"text\":\"与皮质激素合用,消炎、诱发溃疡的作用均增强\",\"value\":4}]",
    "title": "关于阿司匹林与某些药物合用产生效应的叙述,错误的是"
  },
  {
    "id": 37083,
    "questionBankId": 31,
    "selectItem": "[{\"answer\":1,\"text\":\"非诺洛芬\",\"value\":0}, {\"answer\":0,\"text\":\"可的松\",\"value\":1}, {\"answer\":1,\"text\":\"吲哚美辛\",\"value\":2}, {\"answer\":0,\"text\":\"地塞米松\",\"value\":3}, {\"answer\":1,\"text\":\"双氯酚酸钠\",\"value\":4}]",
    "title": "下列药物中哪几种药是非甾体抗炎药"
  },
  {
    "id": 37118,
    "questionBankId": 31,
    "selectItem": "[{\"answer\":0,\"text\":\"阿莫西林\",\"value\":0}, {\"answer\":0,\"text\":\"双氯西林\",\"value\":1}, {\"answer\":1,\"text\":\"替卡西林\",\"value\":2}, {\"answer\":0,\"text\":\"氨苄西林\",\"value\":3}]",
    "title": "口服不吸收,主要用于铜绿假单胞菌感染的是"
  },
  {
    "id": 37120,
    "questionBankId": 31,
    "selectItem": "[{\"answer\":1,\"text\":\"链霉素\",\"value\":0}, {\"answer\":0,\"text\":\"妥布霉素\",\"value\":1}, {\"answer\":0,\"text\":\"阿米卡星\",\"value\":2}, {\"answer\":0,\"text\":\"卡那霉素\",\"value\":3}]",
    "title": "临床主要用于鼠疫杆菌和结核杆菌感染的抗生素为"
  },
  {
    "id": 37063,
    "questionBankId": 31,
    "selectItem": "[{\"answer\":1,\"text\":\"吲哚美辛\",\"value\":0}, {\"answer\":0,\"text\":\"氯芬那酸\",\"value\":1}, {\"answer\":0,\"text\":\"布洛芬\",\"value\":2}, {\"answer\":0,\"text\":\"甲芬那酸\",\"value\":3}]",
    "title": "以下哪个药物不良反应发生率较多"
  },
  {
    "id": 37207,
    "questionBankId": 31,
    "selectItem": "[{\"answer\":0,\"text\":\"主要用于G+阳性菌感染\",\"value\":0}, {\"answer\":0,\"text\":\"耐酸\",\"value\":1}, {\"answer\":0,\"text\":\"耐β-内酰胺酶\",\"value\":2}, {\"answer\":1,\"text\":\"相互有交叉变态反应,可致过敏性休克\",\"value\":3}]",
    "title": "青霉素类药物共同特点是"
  },
  {
    "id": 37130,
    "questionBankId": 31,
    "selectItem": "[{\"answer\":0,\"text\":\"头孢曲松\",\"value\":0}, {\"answer\":0,\"text\":\"林可霉素\",\"value\":1}, {\"answer\":1,\"text\":\"红霉素静脉点滴\",\"value\":2}, {\"answer\":0,\"text\":\"青霉素静脉点滴\",\"value\":3}]",
    "title": "男性,高烧,胸痛,咳铁锈色痰,右肺下叶实变体征,青霉素试敏可疑,宜选用"
  },
  {
    "id": 37090,
    "questionBankId": 31,
    "selectItem": "[{\"answer\":0,\"text\":\"氧氟沙星\",\"value\":0}, {\"answer\":0,\"text\":\"红霉素\",\"value\":1}, {\"answer\":0,\"text\":\"青霉素\",\"value\":2}, {\"answer\":1,\"text\":\"美罗培南\",\"value\":3}]",
    "title": "医院获得性肺炎一般选用"
  },
  {
    "id": 37178,
    "questionBankId": 31,
    "selectItem": "[{\"answer\":0,\"text\":\"头孢菌素\",\"value\":0}, {\"answer\":0,\"text\":\"青霉素\",\"value\":1}, {\"answer\":0,\"text\":\"克林霉素\",\"value\":2}, {\"answer\":1,\"text\":\"氨基糖苷类\",\"value\":3}]",
    "title": "新生儿感染时不宜选用"
  },
  {
    "id": 37064,
    "questionBankId": 31,
    "selectItem": "[{\"answer\":0,\"text\":\"苯溴马隆\",\"value\":0}, {\"answer\":0,\"text\":\"对乙酰氨基酚\",\"value\":1}, {\"answer\":1,\"text\":\"吲哚美辛\",\"value\":2}, {\"answer\":0,\"text\":\"丙磺舒\",\"value\":3}]",
    "title": "抑制PG合成酶作用较强者为"
  },
  {
    "id": 37200,
    "questionBankId": 31,
    "selectItem": "[{\"answer\":1,\"text\":\"细菌核蛋白体30S亚基\",\"value\":0}, {\"answer\":0,\"text\":\"细菌核蛋白体50S亚基\",\"value\":1}, {\"answer\":0,\"text\":\"细菌的细胞壁\",\"value\":2}, {\"answer\":0,\"text\":\"细菌的细胞膜\",\"value\":3}]",
    "title": "氨基糖苷类抗生素的作用部位主要在"
  },
  {
    "id": 37078,
    "questionBankId": 31,
    "selectItem": "[{\"answer\":0,\"text\":\"磺胺嘧啶\",\"value\":0}, {\"answer\":1,\"text\":\"磺胺异恶唑\",\"value\":1}, {\"answer\":0,\"text\":\"磺胺醋酰\",\"value\":2}, {\"answer\":0,\"text\":\"磺胺甲恶唑\",\"value\":3}]",
    "title": "下列磺胺药中哪一个药更适用于肾盂肾炎"
  },
  {
    "id": 37155,
    "questionBankId": 31,
    "selectItem": "[{\"answer\":1,\"text\":\"竞争肾小管的分泌系统,减少水杨酸排泄\",\"value\":0}, {\"answer\":0,\"text\":\"减慢水杨酸的代谢\",\"value\":1}, {\"answer\":0,\"text\":\"竞争血浆蛋白结合部位\",\"value\":2}, {\"answer\":0,\"text\":\"缩小其表观分布容积\",\"value\":3}]",
    "title": "阿司匹林与呋塞米合用,可引起水杨酸中毒的原因是"
  },
  {
    "id": 37107,
    "questionBankId": 31,
    "selectItem": "[{\"answer\":0,\"text\":\"磺胺异恶唑\",\"value\":0}, {\"answer\":0,\"text\":\"磺胺嘧啶\",\"value\":1}, {\"answer\":0,\"text\":\"磺胺多辛\",\"value\":2}, {\"answer\":1,\"text\":\"柳氮磺吡啶\",\"value\":3}]",
    "title": "治疗溃疡性结肠炎宜选用"
  },
  {
    "id": 37145,
    "questionBankId": 31,
    "selectItem": "[{\"answer\":1,\"text\":\"布洛芬和吡罗昔康用于抗炎时均需每日服用3次\",\"value\":0}, {\"answer\":0,\"text\":\"舒林酸需代谢后生效\",\"value\":1}, {\"answer\":0,\"text\":\"可的松、泼尼松需代谢后生效\",\"value\":2}, {\"answer\":0,\"text\":\"地塞米松一次给药药效可持续36~54h\",\"value\":3}]",
    "title": "下列叙述错误的是"
  },
  {
    "id": 37210,
    "questionBankId": 31,
    "selectItem": "[{\"answer\":0,\"text\":\"羧苄西林\",\"value\":0}, {\"answer\":0,\"text\":\"哌拉西林\",\"value\":1}, {\"answer\":1,\"text\":\"阿莫西林\",\"value\":2}, {\"answer\":0,\"text\":\"美洛西林\",\"value\":3}]",
    "title": "以下对绿脓杆菌无效的青霉素为"
  },
  {
    "id": 37040,
    "questionBankId": 31,
    "selectItem": "[{\"answer\":0,\"text\":\"吲哚美辛\",\"value\":0}, {\"answer\":1,\"text\":\"塞来昔布\",\"value\":1}, {\"answer\":0,\"text\":\"阿司匹林\",\"value\":2}, {\"answer\":0,\"text\":\"保泰松\",\"value\":3}]",
    "title": "伴有胃溃疡的风湿性关节炎患者最好选用"
  },
  {
    "id": 37167,
    "questionBankId": 31,
    "selectItem": "[{\"answer\":0,\"text\":\"1%毛果芸香碱缩瞳\",\"value\":0}, {\"answer\":0,\"text\":\"抗感染\",\"value\":1}, {\"answer\":1,\"text\":\"1%阿托品扩瞳\",\"value\":2}, {\"answer\":0,\"text\":\"使用高渗脱水药\",\"value\":3}]",
    "title": "急性虹膜睫状体炎最重要的局部治疗方法是"
  },
  {
    "id": 37111,
    "questionBankId": 31,
    "selectItem": "[{\"answer\":1,\"text\":\"增强抗菌作用\",\"value\":0}, {\"answer\":0,\"text\":\"减少口服时的刺激\",\"value\":1}, {\"answer\":0,\"text\":\"减少尿中磺胺结晶析出\",\"value\":2}, {\"answer\":0,\"text\":\"减慢磺胺药的代谢\",\"value\":3}]",
    "title": "磺胺甲恶唑口服用于全身感染时与甲氧苄啶合用的原因是"
  },
  {
    "id": 37059,
    "questionBankId": 31,
    "selectItem": "[{\"answer\":0,\"text\":\"阿司匹林\",\"value\":0}, {\"answer\":0,\"text\":\"保泰松\",\"value\":1}, {\"answer\":0,\"text\":\"非那西丁\",\"value\":2}, {\"answer\":1,\"text\":\"吲哚美辛\",\"value\":3}]",
    "title": "在解热镇痛抗炎药中,对PG合成酶抑制作用最强的是"
  },
  {
    "id": 37147,
    "questionBankId": 31,
    "selectItem": "[{\"answer\":1,\"text\":\"环孢素必须根据个人耐受程度调整维持剂量\",\"value\":0}, {\"answer\":0,\"text\":\"泼尼松可作为首选药\",\"value\":1}, {\"answer\":1,\"text\":\"对乙酰氨基酚无效\",\"value\":2}, {\"answer\":0,\"text\":\"吲哚美辛可替换阿司匹林用于“阿司匹林哮喘”患者\",\"value\":3}, {\"answer\":1,\"text\":\"尼美舒利可替换阿司匹林用于“阿司匹林”哮喘患者\",\"value\":4}]",
    "title": "下列关于类风湿性关节炎的药物治疗,叙述正确的是"
  },
  {
    "id": 37125,
    "questionBankId": 31,
    "selectItem": "[{\"answer\":1,\"text\":\"用于头痛、牙痛、痛经\",\"value\":0}, {\"answer\":1,\"text\":\"感冒发热\",\"value\":1}, {\"answer\":1,\"text\":\"急性风湿性关节炎\",\"value\":2}, {\"answer\":0,\"text\":\"急性痛风\",\"value\":3}, {\"answer\":1,\"text\":\"预防心肌梗死\",\"value\":4}]",
    "title": "阿司匹林的临床适应证有"
  },
  {
    "id": 37069,
    "questionBankId": 31,
    "selectItem": "[{\"answer\":0,\"text\":\"对体温的影响与氯丙嗪不同\",\"value\":0}, {\"answer\":1,\"text\":\"对内热原引起的发热无解热作用\",\"value\":1}, {\"answer\":1,\"text\":\"镇痛作用部位主要在中枢\",\"value\":2}, {\"answer\":0,\"text\":\"解热镇痛抗炎作用均与抑制PG合成有关\",\"value\":3}, {\"answer\":0,\"text\":\"各类药物均具镇痛作用\",\"value\":4}]",
    "title": "对解热镇痛抗炎药不正确的叙述为"
  },
  {
    "id": 37055,
    "questionBankId": 31,
    "selectItem": "[{\"answer\":0,\"text\":\"氯霉素\",\"value\":0}, {\"answer\":1,\"text\":\"红霉素\",\"value\":1}, {\"answer\":1,\"text\":\"四环素\",\"value\":2}, {\"answer\":0,\"text\":\"青霉素\",\"value\":3}, {\"answer\":0,\"text\":\"磺胺嘧啶\",\"value\":4}]",
    "title": "支原体肺炎患者可选用下列哪些药物"
  },
  {
    "id": 37217,
    "questionBankId": 31,
    "selectItem": "[{\"answer\":1,\"text\":\"β-内酰胺酶抑制细胞壁合成\",\"value\":0}, {\"answer\":1,\"text\":\"制霉菌素能增加菌体胞浆膜通透性\",\"value\":1}, {\"answer\":0,\"text\":\"磺胺类抑制细菌蛋白质合成\",\"value\":2}, {\"answer\":1,\"text\":\"庆大霉素抑制细菌蛋白质合成\",\"value\":3}, {\"answer\":1,\"text\":\"利福平抑制DNA依赖性的RNA多聚酶\",\"value\":4}]",
    "title": "下列关于抗菌药作用机制的叙述,正确的是"
  },
  {
    "id": 37074,
    "questionBankId": 31,
    "selectItem": "[{\"answer\":1,\"text\":\"青霉素+链霉素\",\"value\":0}, {\"answer\":0,\"text\":\"链霉素+四环素\",\"value\":1}, {\"answer\":0,\"text\":\"链霉素+异烟肼\",\"value\":2}, {\"answer\":0,\"text\":\"青霉素+四环素\",\"value\":3}]",
    "title": "对草绿色链球菌引起的心内膜炎应首选下列哪种给药方案"
  },
  {
    "id": 37183,
    "questionBankId": 31,
    "selectItem": "[{\"answer\":0,\"text\":\"四环素\",\"value\":0}, {\"answer\":0,\"text\":\"氨苄西林\",\"value\":1}, {\"answer\":0,\"text\":\"青霉素\",\"value\":2}, {\"answer\":1,\"text\":\"头孢哌酮\",\"value\":3}]",
    "title": "男性,36岁,因胆道感染给予抗菌药物治疗,治疗中患者饮酒后有明显恶心、呕吐、面部潮红,头痛,血压下降,这种现象可能与下列哪种药物有关"
  },
  {
    "id": 37141,
    "questionBankId": 31,
    "selectItem": "[{\"answer\":0,\"text\":\"口服给药\",\"value\":0}, {\"answer\":1,\"text\":\"静脉给药\",\"value\":1}, {\"answer\":0,\"text\":\"肌内注射\",\"value\":2}, {\"answer\":0,\"text\":\"口服给药或静脉给药\",\"value\":3}]",
    "title": "破伤风杆菌感染应用青霉素或多西环素时需"
  },
  {
    "id": 37215,
    "questionBankId": 31,
    "selectItem": "[{\"answer\":0,\"text\":\"磺胺甲恶唑\",\"value\":0}, {\"answer\":1,\"text\":\"磺胺嘧啶银\",\"value\":1}, {\"answer\":0,\"text\":\"磺胺醋酰钠\",\"value\":2}, {\"answer\":0,\"text\":\"磺胺多辛\",\"value\":3}]",
    "title": "对铜绿假单胞菌有效的磺胺药是"
  },
  {
    "id": 37196,
    "questionBankId": 31,
    "selectItem": "[{\"answer\":0,\"text\":\"3%酚甘油\",\"value\":0}, {\"answer\":1,\"text\":\"复方薄荷脑油\",\"value\":1}, {\"answer\":0,\"text\":\"4%硼酸酒精\",\"value\":2}, {\"answer\":0,\"text\":\"3%双氧水\",\"value\":3}]",
    "title": "萎缩性鼻炎时,可用下列哪种药物滴鼻"
  },
  {
    "id": 37187,
    "questionBankId": 31,
    "selectItem": "[{\"answer\":1,\"text\":\"孕妇、乳母\",\"value\":0}, {\"answer\":0,\"text\":\"淋病患者\",\"value\":1}, {\"answer\":0,\"text\":\"甲肝患者\",\"value\":2}, {\"answer\":0,\"text\":\"肺结核患者\",\"value\":3}]",
    "title": "哪些人禁用四环素"
  },
  {
    "id": 37088,
    "questionBankId": 31,
    "selectItem": "[{\"answer\":1,\"text\":\"左氧氟沙星\",\"value\":0}, {\"answer\":0,\"text\":\"红霉素\",\"value\":1}, {\"answer\":0,\"text\":\"青霉素\",\"value\":2}, {\"answer\":0,\"text\":\"美罗培南\",\"value\":3}]",
    "title": "社区获得性肺炎,老年人、有基础疾病或需要住院的CAP患者选用"
  },
  {
    "id": 37129,
    "questionBankId": 31,
    "selectItem": "[{\"answer\":0,\"text\":\"克拉维酸\",\"value\":0}, {\"answer\":0,\"text\":\"异烟肼\",\"value\":1}, {\"answer\":0,\"text\":\"四环素\",\"value\":2}, {\"answer\":1,\"text\":\"氨苄西林\",\"value\":3}]",
    "title": "某患者被诊断为急性扁桃体发炎,可首选"
  },
  {
    "id": 37212,
    "questionBankId": 31,
    "selectItem": "[{\"answer\":0,\"text\":\"庆大霉素\",\"value\":0}, {\"answer\":1,\"text\":\"克林霉素\",\"value\":1}, {\"answer\":0,\"text\":\"头孢氨苄\",\"value\":2}, {\"answer\":0,\"text\":\"链霉素\",\"value\":3}]",
    "title": "下列哪种药物与红霉素合用产生药理性拮抗作用"
  },
  {
    "id": 37110,
    "questionBankId": 31,
    "selectItem": "[{\"answer\":1,\"text\":\"氨苄西林\",\"value\":0}, {\"answer\":0,\"text\":\"双氯西林\",\"value\":1}, {\"answer\":0,\"text\":\"羧苄西林\",\"value\":2}, {\"answer\":0,\"text\":\"苄星青霉素\",\"value\":3}]",
    "title": "可用于伤寒沙门菌感染的青霉素类药物是"
  },
  {
    "id": 37128,
    "questionBankId": 31,
    "selectItem": "[{\"answer\":1,\"text\":\"甲硝唑\",\"value\":0}, {\"answer\":0,\"text\":\"甲氧苄啶\",\"value\":1}, {\"answer\":0,\"text\":\"呋喃唑酮\",\"value\":2}, {\"answer\":0,\"text\":\"呋喃妥因\",\"value\":3}]",
    "title": "防治厌氧菌感染的首选药是"
  },
  {
    "id": 37136,
    "questionBankId": 31,
    "selectItem": "[{\"answer\":1,\"text\":\"羧苄西林、多粘菌素、庆大霉素和妥布霉素\",\"value\":0}, {\"answer\":0,\"text\":\"羧苄西林、氨苄西林、头孢氨苄和多粘菌素\",\"value\":1}, {\"answer\":0,\"text\":\"卡那霉素、妥布霉素、多粘菌素和红霉素\",\"value\":2}, {\"answer\":0,\"text\":\"阿米卡星、庆大霉素、多粘菌素和苯唑西林\",\"value\":3}]",
    "title": "对铜绿假单胞菌感染有效的药物是"
  },
  {
    "id": 37061,
    "questionBankId": 31,
    "selectItem": "[{\"answer\":0,\"text\":\"对乙酰氨基酚\",\"value\":0}, {\"answer\":1,\"text\":\"乙酰水杨酸\",\"value\":1}, {\"answer\":0,\"text\":\"吲哚美辛\",\"value\":2}, {\"answer\":0,\"text\":\"布洛芬\",\"value\":3}]",
    "title": "下列哪种药物t1/2会随着给药剂量增加而延长"
  },
  {
    "id": 37062,
    "questionBankId": 31,
    "selectItem": "[{\"answer\":0,\"text\":\"吲哚美辛\",\"value\":0}, {\"answer\":0,\"text\":\"舒林酸\",\"value\":1}, {\"answer\":0,\"text\":\"布洛芬\",\"value\":2}, {\"answer\":1,\"text\":\"羟基保泰松\",\"value\":3}]",
    "title": "血浆半衰期最长的解热镇痛抗炎药是"
  },
  {
    "id": 37068,
    "questionBankId": 31,
    "selectItem": "[{\"answer\":0,\"text\":\"水钠潴留\",\"value\":0}, {\"answer\":1,\"text\":\"严重哮喘\",\"value\":1}, {\"answer\":0,\"text\":\"胃十二指肠出血\",\"value\":2}, {\"answer\":0,\"text\":\"再生障碍性贫血\",\"value\":3}]",
    "title": "以下哪项不属于保泰松的不良反应"
  },
  {
    "id": 37172,
    "questionBankId": 31,
    "selectItem": "[{\"answer\":0,\"text\":\"左氧氟沙星/莫西沙星\",\"value\":0}, {\"answer\":1,\"text\":\"亚胺培南/美罗培南\",\"value\":1}, {\"answer\":0,\"text\":\"磷霉素钠\",\"value\":2}, {\"answer\":0,\"text\":\"厄他培南\",\"value\":3}]",
    "title": "危重症继发性细菌性腹膜炎,下列哪项抗生素选择最优"
  },
  {
    "id": 37179,
    "questionBankId": 31,
    "selectItem": "[{\"answer\":0,\"text\":\"氯霉素\",\"value\":0}, {\"answer\":0,\"text\":\"头孢噻肟\",\"value\":1}, {\"answer\":0,\"text\":\"青霉素\",\"value\":2}, {\"answer\":1,\"text\":\"依替米星\",\"value\":3}]",
    "title": "无论脑膜有无炎症,不能透入脑脊液的抗菌药物为"
  },
  {
    "id": 37206,
    "questionBankId": 31,
    "selectItem": "[{\"answer\":0,\"text\":\"克拉维酸\",\"value\":0}, {\"answer\":1,\"text\":\"苯唑西林\",\"value\":1}, {\"answer\":0,\"text\":\"头孢哌酮\",\"value\":2}, {\"answer\":1,\"text\":\"氨苄西林\",\"value\":3}, {\"answer\":0,\"text\":\"青霉素G\",\"value\":4}]",
    "title": "下列药物哪些属于半合成青霉素类抗生素"
  },
  {
    "id": 37151,
    "questionBankId": 31,
    "selectItem": "[{\"answer\":1,\"text\":\"塞来昔布\",\"value\":0}, {\"answer\":0,\"text\":\"萘丁美酮\",\"value\":1}, {\"answer\":1,\"text\":\"罗非昔布\",\"value\":2}, {\"answer\":0,\"text\":\"吲哚美辛\",\"value\":3}, {\"answer\":0,\"text\":\"布洛芬\",\"value\":4}]",
    "title": "下列哪些是已应用于临床的高选择性COX-2抑制剂"
  },
  {
    "id": 37091,
    "questionBankId": 31,
    "selectItem": "[{\"answer\":1,\"text\":\"阿奇霉素\",\"value\":0}, {\"answer\":0,\"text\":\"磷霉素\",\"value\":1}, {\"answer\":1,\"text\":\"莫西沙星\",\"value\":2}, {\"answer\":1,\"text\":\"美罗培南\",\"value\":3}, {\"answer\":1,\"text\":\"头孢哌酮/舒巴坦\",\"value\":4}]",
    "title": "社区获得性肺炎可选用的治疗抗菌药物有"
  },
  {
    "id": 37087,
    "questionBankId": 31,
    "selectItem": "[{\"answer\":0,\"text\":\"肺炎的抗菌药物治疗应尽早进行,一旦怀疑为肺炎即马上给予首剂抗菌药物\",\"value\":0}, {\"answer\":1,\"text\":\"肺炎的药物治疗应避免使用抗生素\",\"value\":1}, {\"answer\":0,\"text\":\"观察疗效抗菌药物治疗后48~72小时应对病情进行评价\",\"value\":2}, {\"answer\":0,\"text\":\"体温正常48~72h,无肺炎任何一项临床不稳定征象可停用抗菌药物\",\"value\":3}]",
    "title": "肺炎用药注意事项不符的是"
  },
  {
    "id": 37218,
    "questionBankId": 31,
    "selectItem": "[{\"answer\":0,\"text\":\"移位酶\",\"value\":0}, {\"answer\":0,\"text\":\"核蛋白体50s亚基\",\"value\":1}, {\"answer\":1,\"text\":\"细胞壁\",\"value\":2}, {\"answer\":0,\"text\":\"DNA回旋酶\",\"value\":3}]",
    "title": "头孢菌素类抗菌的作用部位是"
  },
  {
    "id": 37140,
    "questionBankId": 31,
    "selectItem": "[{\"answer\":0,\"text\":\"青霉素\",\"value\":0}, {\"answer\":0,\"text\":\"头孢曲松\",\"value\":1}, {\"answer\":0,\"text\":\"苯唑西林\",\"value\":2}, {\"answer\":1,\"text\":\"万古霉素\",\"value\":3}]",
    "title": "甲氧西林耐药的金葡菌感染应选择"
  },
  {
    "id": 37189,
    "questionBankId": 31,
    "selectItem": "[{\"answer\":0,\"text\":\"军团菌感染\",\"value\":0}, {\"answer\":0,\"text\":\"百日咳\",\"value\":1}, {\"answer\":0,\"text\":\"白喉\",\"value\":2}, {\"answer\":1,\"text\":\"肺结核\",\"value\":3}]",
    "title": "红霉素临床应用范围不包括"
  },
  {
    "id": 37166,
    "questionBankId": 31,
    "selectItem": "[{\"answer\":0,\"text\":\"苯海拉明\",\"value\":0}, {\"answer\":0,\"text\":\"异丙嗪\",\"value\":1}, {\"answer\":0,\"text\":\"布克利嗪\",\"value\":2}, {\"answer\":1,\"text\":\"西替利嗪\",\"value\":3}]",
    "title": "某驾驶员患有过敏性鼻炎,工作期间可使用"
  },
  {
    "id": 37112,
    "questionBankId": 31,
    "selectItem": "[{\"answer\":1,\"text\":\"青霉素G\",\"value\":0}, {\"answer\":0,\"text\":\"哌拉西林\",\"value\":1}, {\"answer\":0,\"text\":\"苄星青霉素\",\"value\":2}, {\"answer\":0,\"text\":\"链霉素\",\"value\":3}]",
    "title": "溶血性链球菌感染选用"
  },
  {
    "id": 37135,
    "questionBankId": 31,
    "selectItem": "[{\"answer\":0,\"text\":\"庆大霉素\",\"value\":0}, {\"answer\":1,\"text\":\"万古霉素\",\"value\":1}, {\"answer\":0,\"text\":\"氯霉素\",\"value\":2}, {\"answer\":0,\"text\":\"红霉素\",\"value\":3}]",
    "title": "某女,50岁,近日左下肢局部剧烈疼痛,肢体活动困难。患部肿胀、压痛明显。血化验白细胞核中性多核白细胞均增高,血培养为金黄色葡萄球菌,诊断急性细菌性骨髓炎,宜选择药物是"
  },
  {
    "id": 37133,
    "questionBankId": 31,
    "selectItem": "[{\"answer\":0,\"text\":\"克雷伯杆菌肺炎\",\"value\":0}, {\"answer\":0,\"text\":\"肺炎球菌肺炎\",\"value\":1}, {\"answer\":0,\"text\":\"葡萄球菌肺炎\",\"value\":2}, {\"answer\":1,\"text\":\"肺炎支原体肺炎\",\"value\":3}]",
    "title": "首选大环内酯类抗生素治疗的疾病是"
  },
  {
    "id": 37202,
    "questionBankId": 31,
    "selectItem": "[{\"answer\":0,\"text\":\"阿奇霉素\",\"value\":0}, {\"answer\":0,\"text\":\"螺旋霉素\",\"value\":1}, {\"answer\":0,\"text\":\"克拉霉素\",\"value\":2}, {\"answer\":1,\"text\":\"林可霉素\",\"value\":3}]",
    "title": "大环内酯类抗生素不包括"
  },
  {
    "id": 37124,
    "questionBankId": 31,
    "selectItem": "[{\"answer\":0,\"text\":\"氯芬那酸\",\"value\":0}, {\"answer\":0,\"text\":\"二氟尼柳\",\"value\":1}, {\"answer\":0,\"text\":\"吲哚美辛\",\"value\":2}, {\"answer\":1,\"text\":\"保泰松\",\"value\":3}]",
    "title": "下列药物不属于有机酸类的解热抗炎镇痛药的是"
  },
  {
    "id": 37175,
    "questionBankId": 31,
    "selectItem": "[{\"answer\":1,\"text\":\"头孢曲松\",\"value\":0}, {\"answer\":0,\"text\":\"青霉素\",\"value\":1}, {\"answer\":0,\"text\":\"万古霉素\",\"value\":2}, {\"answer\":0,\"text\":\"磷霉素钠\",\"value\":3}]",
    "title": "成人化脓性脑膜炎抗生素选择"
  },
  {
    "id": 37152,
    "questionBankId": 31,
    "selectItem": "[{\"answer\":0,\"text\":\"布洛芬\",\"value\":0}, {\"answer\":0,\"text\":\"阿司匹林\",\"value\":1}, {\"answer\":1,\"text\":\"保泰松\",\"value\":2}, {\"answer\":0,\"text\":\"对乙酰氨基酚\",\"value\":3}]",
    "title": "下列药物中血浆半衰期最长的是"
  },
  {
    "id": 37201,
    "questionBankId": 31,
    "selectItem": "[{\"answer\":0,\"text\":\"肾毒性\",\"value\":0}, {\"answer\":1,\"text\":\"耳毒性\",\"value\":1}, {\"answer\":0,\"text\":\"变态反应\",\"value\":2}, {\"answer\":0,\"text\":\"头痛头晕\",\"value\":3}]",
    "title": "应用氨基糖苷类药物最常见的不良反应是"
  },
  {
    "id": 37146,
    "questionBankId": 31,
    "selectItem": "[{\"answer\":1,\"text\":\"风湿性关节炎伴严重精神病\",\"value\":0}, {\"answer\":0,\"text\":\"风湿性心包炎\",\"value\":1}, {\"answer\":0,\"text\":\"严重过敏性皮炎\",\"value\":2}, {\"answer\":0,\"text\":\"眼内炎症兼有轻度糖尿病\",\"value\":3}]",
    "title": "下列哪一种疾病严禁应用糖皮质激素"
  },
  {
    "id": 37072,
    "questionBankId": 31,
    "selectItem": "[{\"answer\":0,\"text\":\"为最强的PG合成酶抑制药之一\",\"value\":0}, {\"answer\":0,\"text\":\"对炎性疼痛有明显镇痛效果\",\"value\":1}, {\"answer\":1,\"text\":\"不良反应较轻\",\"value\":2}, {\"answer\":1,\"text\":\"临床使用最为广泛\",\"value\":3}, {\"answer\":1,\"text\":\"对类风湿性关节炎的疗效优于保泰松\",\"value\":4}]",
    "title": "对吲哚美辛错误的描述有"
  },
  {
    "id": 37077,
    "questionBankId": 31,
    "selectItem": "[{\"answer\":1,\"text\":\"鼠疫\",\"value\":0}, {\"answer\":1,\"text\":\"布氏杆菌病\",\"value\":1}, {\"answer\":1,\"text\":\"感染性心内膜炎\",\"value\":2}, {\"answer\":1,\"text\":\"结核病\",\"value\":3}, {\"answer\":0,\"text\":\"急性肾小球肾炎\",\"value\":4}]",
    "title": "链霉素对下列哪些疾病有效"
  },
  {
    "id": 37053,
    "questionBankId": 31,
    "selectItem": "[{\"answer\":1,\"text\":\"头痛眩晕\",\"value\":0}, {\"answer\":1,\"text\":\"耳鸣\",\"value\":1}, {\"answer\":1,\"text\":\"恶心呕吐\",\"value\":2}, {\"answer\":1,\"text\":\"酸碱平衡失调\",\"value\":3}, {\"answer\":1,\"text\":\"听、视力减退\",\"value\":4}]",
    "title": "阿司匹林的水杨酸反应包括"
  },
  {
    "id": 37075,
    "questionBankId": 31,
    "selectItem": "[{\"answer\":0,\"text\":\"庆大霉素+链霉素\",\"value\":0}, {\"answer\":0,\"text\":\"庆大霉素+红霉素\",\"value\":1}, {\"answer\":1,\"text\":\"青霉素+链霉素\",\"value\":2}, {\"answer\":0,\"text\":\"青霉素+红霉素\",\"value\":3}]",
    "title": "预防细菌性心内膜炎应选用下列哪一种用药方案"
  },
  {
    "id": 37169,
    "questionBankId": 31,
    "selectItem": "[{\"answer\":1,\"text\":\"青霉素或第一代头孢菌素\",\"value\":0}, {\"answer\":0,\"text\":\"头孢他啶\",\"value\":1}, {\"answer\":0,\"text\":\"氨曲南\",\"value\":2}, {\"answer\":0,\"text\":\"亚胺培南\",\"value\":3}]",
    "title": "社区获得性肺炎链球菌和溶血性链球菌感染的首选药物是"
  },
  {
    "id": 37102,
    "questionBankId": 31,
    "selectItem": "[{\"answer\":0,\"text\":\"阿司匹林\",\"value\":0}, {\"answer\":0,\"text\":\"氨基比林\",\"value\":1}, {\"answer\":1,\"text\":\"布洛芬\",\"value\":2}, {\"answer\":0,\"text\":\"吲哚美辛\",\"value\":3}]",
    "title": "下列治疗风湿性及类风湿性关节炎的药物中,不良反应最少的是"
  },
  {
    "id": 37193,
    "questionBankId": 31,
    "selectItem": "[{\"answer\":0,\"text\":\"喜树碱\",\"value\":0}, {\"answer\":0,\"text\":\"秋水仙碱\",\"value\":1}, {\"answer\":1,\"text\":\"小檗碱\",\"value\":2}, {\"answer\":0,\"text\":\"麻黄碱\",\"value\":3}]",
    "title": "具有抗菌消炎作用的生物碱是"
  },
  {
    "id": 37173,
    "questionBankId": 31,
    "selectItem": "[{\"answer\":0,\"text\":\"亚胺培南+左氧氟沙星\",\"value\":0}, {\"answer\":1,\"text\":\"头孢哌酮舒巴坦+米诺环素\",\"value\":1}, {\"answer\":0,\"text\":\"氨苄西林舒巴坦+阿奇霉素\",\"value\":2}, {\"answer\":0,\"text\":\"头孢哌酮舒巴坦+阿奇霉素\",\"value\":3}]",
    "title": "多耐药不动杆菌感染应选择"
  },
  {
    "id": 37154,
    "questionBankId": 31,
    "selectItem": "[{\"answer\":0,\"text\":\"吲哚美辛\",\"value\":0}, {\"answer\":0,\"text\":\"氯芬那酸\",\"value\":1}, {\"answer\":0,\"text\":\"布洛芬\",\"value\":2}, {\"answer\":1,\"text\":\"别嘌醇\",\"value\":3}]",
    "title": "常用于治疗慢性痛风的药物是"
  },
  {
    "id": 37197,
    "questionBankId": 31,
    "selectItem": "[{\"answer\":0,\"text\":\"泰利必妥滴耳液\",\"value\":0}, {\"answer\":0,\"text\":\"复方新霉素药水\",\"value\":1}, {\"answer\":1,\"text\":\"石炭酸甘油\",\"value\":2}, {\"answer\":0,\"text\":\"硼酸酒精\",\"value\":3}]",
    "title": "急性化脓性中耳炎患者检查可见：鼓膜完整,但有充血、肿胀,为消炎止痛局部应优先使用以下哪种药物"
  },
  {
    "id": 37186,
    "questionBankId": 31,
    "selectItem": "[{\"answer\":0,\"text\":\"新霉素\",\"value\":0}, {\"answer\":1,\"text\":\"大观霉素\",\"value\":1}, {\"answer\":0,\"text\":\"青霉素\",\"value\":2}, {\"answer\":0,\"text\":\"红霉素\",\"value\":3}]",
    "title": "治疗男性淋病性尿道炎,女性急性淋病性子宫颈炎及直肠炎的一线药物为"
  },
  {
    "id": 37123,
    "questionBankId": 31,
    "selectItem": "[{\"answer\":0,\"text\":\"磺胺嘧啶（SD）+TMP\",\"value\":0}, {\"answer\":1,\"text\":\"磺胺甲恶唑(SMZ)+TMP\",\"value\":1}, {\"answer\":0,\"text\":\"酞磺胺噻唑（PST）\",\"value\":2}, {\"answer\":0,\"text\":\"磺胺醋酰钠（SA）\",\"value\":3}]",
    "title": "治疗呼吸道感染宜选"
  },
  {
    "id": 37222,
    "questionBankId": 31,
    "selectItem": "[{\"answer\":0,\"text\":\"它能增强青霉素耐酸性\",\"value\":0}, {\"answer\":1,\"text\":\"可抑制β-内酰胺酶\",\"value\":1}, {\"answer\":0,\"text\":\"可抑制细菌二氢叶酸还原酶\",\"value\":2}, {\"answer\":0,\"text\":\"能改变细菌胞壁通透性\",\"value\":3}]",
    "title": "舒巴坦与青霉素联用,能产生明显的抗菌协同作用,其原因为"
  },
  {
    "id": 37219,
    "questionBankId": 31,
    "selectItem": "[{\"answer\":1,\"text\":\"抗菌谱相对较窄\",\"value\":0}, {\"answer\":1,\"text\":\"主治呼吸道及皮肤感染\",\"value\":1}, {\"answer\":1,\"text\":\"不易透过血脑屏障\",\"value\":2}, {\"answer\":0,\"text\":\"不良反应少而轻\",\"value\":3}, {\"answer\":1,\"text\":\"抗菌机制与抑制蛋白质合成有关\",\"value\":4}]",
    "title": "大环内酯类抗生素的特点有"
  },
  {
    "id": 37071,
    "questionBankId": 31,
    "selectItem": "[{\"answer\":1,\"text\":\"类风湿性关节炎\",\"value\":0}, {\"answer\":1,\"text\":\"癌性发热\",\"value\":1}, {\"answer\":1,\"text\":\"骨关节炎\",\"value\":2}, {\"answer\":0,\"text\":\"预防脑血栓\",\"value\":3}, {\"answer\":1,\"text\":\"关节强直性脊柱炎\",\"value\":4}]",
    "title": "吲哚美辛临床应用为"
  },
  {
    "id": 37156,
    "questionBankId": 31,
    "selectItem": "[{\"answer\":0,\"text\":\"对乙酰氨基酚\",\"value\":0}, {\"answer\":0,\"text\":\"阿司匹林\",\"value\":1}, {\"answer\":0,\"text\":\"别嘌呤醇\",\"value\":2}, {\"answer\":1,\"text\":\"美罗昔康\",\"value\":3}]",
    "title": "下列药物不影响肝功能的是"
  },
  {
    "id": 37143,
    "questionBankId": 31,
    "selectItem": "[{\"answer\":0,\"text\":\"解热作用更强\",\"value\":0}, {\"answer\":0,\"text\":\"镇痛作用更强\",\"value\":1}, {\"answer\":0,\"text\":\"抗炎作用更强\",\"value\":2}, {\"answer\":1,\"text\":\"胃肠道不良反应较少\",\"value\":3}]",
    "title": "选择性COX-2抑制药与非选择性环氧酶抑制药相比较,主要优点是"
  },
  {
    "id": 37213,
    "questionBankId": 31,
    "selectItem": "[{\"answer\":1,\"text\":\"阿米卡星\",\"value\":0}, {\"answer\":0,\"text\":\"链霉素\",\"value\":1}, {\"answer\":0,\"text\":\"青霉素\",\"value\":2}, {\"answer\":0,\"text\":\"卡那霉素\",\"value\":3}]",
    "title": "对庆大霉素耐药的G-菌感染可用"
  },
  {
    "id": 37182,
    "questionBankId": 31,
    "selectItem": "[{\"answer\":0,\"text\":\"青霉素类\",\"value\":0}, {\"answer\":0,\"text\":\"克林霉素\",\"value\":1}, {\"answer\":1,\"text\":\"氨基糖苷类\",\"value\":2}, {\"answer\":0,\"text\":\"头孢菌素类\",\"value\":3}]",
    "title": "老年感染患者一般不宜选用"
  },
  {
    "id": 37205,
    "questionBankId": 31,
    "selectItem": "[{\"answer\":0,\"text\":\"头孢地嗪\",\"value\":0}, {\"answer\":1,\"text\":\"头孢他啶\",\"value\":1}, {\"answer\":0,\"text\":\"头孢吡肟\",\"value\":2}, {\"answer\":0,\"text\":\"头孢哌酮\",\"value\":3}]",
    "title": "第三代头孢菌素中抗铜绿假单胞菌活性最强的是"
  },
  {
    "id": 37203,
    "questionBankId": 31,
    "selectItem": "[{\"answer\":0,\"text\":\"氧氟沙星\",\"value\":0}, {\"answer\":1,\"text\":\"左旋氧氟沙星\",\"value\":1}, {\"answer\":0,\"text\":\"环丙沙星\",\"value\":2}, {\"answer\":0,\"text\":\"诺氟沙星\",\"value\":3}]",
    "title": "下列药物对厌氧菌有效的是"
  },
  {
    "id": 37144,
    "questionBankId": 31,
    "selectItem": "[{\"answer\":1,\"text\":\"胃肠道反应明显\",\"value\":0}, {\"answer\":0,\"text\":\"可用于一般解热、镇痛、风湿性关节炎\",\"value\":1}, {\"answer\":0,\"text\":\"偶见视力模糊、中毒性弱视\",\"value\":2}, {\"answer\":0,\"text\":\"口服后吸收快,t1\",\"value\":3}]",
    "title": "布洛芬的特点不包括"
  },
  {
    "id": 37220,
    "questionBankId": 31,
    "selectItem": "[{\"answer\":0,\"text\":\"为大环内酯类抗生素\",\"value\":0}, {\"answer\":0,\"text\":\"仅对革兰氏阴性菌起作用\",\"value\":1}, {\"answer\":0,\"text\":\"抗菌机制是抑制细菌蛋白质合成\",\"value\":2}, {\"answer\":1,\"text\":\"与其他抗生素无交叉耐药性\",\"value\":3}]",
    "title": "下列关于万古霉素的叙述正确的是"
  },
  {
    "id": 37121,
    "questionBankId": 31,
    "selectItem": "[{\"answer\":0,\"text\":\"万古霉素\",\"value\":0}, {\"answer\":1,\"text\":\"克林霉素\",\"value\":1}, {\"answer\":0,\"text\":\"克拉霉素\",\"value\":2}, {\"answer\":0,\"text\":\"红霉素\",\"value\":3}]",
    "title": "治疗厌氧菌引起的严重感染的药物是"
  },
  {
    "id": 37190,
    "questionBankId": 31,
    "selectItem": "[{\"answer\":0,\"text\":\"氧氟沙星\",\"value\":0}, {\"answer\":0,\"text\":\"诺氟沙星\",\"value\":1}, {\"answer\":0,\"text\":\"洛美沙星\",\"value\":2}, {\"answer\":1,\"text\":\"环丙沙星\",\"value\":3}]",
    "title": "下列药物中抗铜绿假单胞菌活性最强的是"
  },
  {
    "id": 37108,
    "questionBankId": 31,
    "selectItem": "[{\"answer\":0,\"text\":\"羧苄青霉素\",\"value\":0}, {\"answer\":0,\"text\":\"头孢哌酮\",\"value\":1}, {\"answer\":1,\"text\":\"头孢尼西\",\"value\":2}, {\"answer\":0,\"text\":\"庆大霉素\",\"value\":3}]",
    "title": "对铜绿假单胞菌感染无效的抗生素是"
  },
  {
    "id": 37221,
    "questionBankId": 31,
    "selectItem": "[{\"answer\":0,\"text\":\"抑制细菌细胞壁合成\",\"value\":0}, {\"answer\":0,\"text\":\"抗叶酸代谢\",\"value\":1}, {\"answer\":0,\"text\":\"影响胞浆膜通透性\",\"value\":2}, {\"answer\":1,\"text\":\"抑制DNA螺旋酶,阻止DNA合成\",\"value\":3}]",
    "title": "诺氟沙星抗菌机制是"
  },
  {
    "id": 37174,
    "questionBankId": 31,
    "selectItem": "[{\"answer\":0,\"text\":\"肺炎克雷伯菌\",\"value\":0}, {\"answer\":0,\"text\":\"嗜麦芽窄食单胞菌\",\"value\":1}, {\"answer\":1,\"text\":\"厌氧菌\",\"value\":2}, {\"answer\":0,\"text\":\"白假丝酵母菌\",\"value\":3}]",
    "title": "吸入性肺炎往往合并下列哪种细菌感染"
  },
  {
    "id": 37223,
    "questionBankId": 31,
    "selectItem": "[{\"answer\":1,\"text\":\"抗菌谱广,抗菌活性低\",\"value\":0}, {\"answer\":0,\"text\":\"与β-内酰胺类抗生素合用时抗菌作用减弱\",\"value\":1}, {\"answer\":1,\"text\":\"可与阿莫西林配伍\",\"value\":2}, {\"answer\":1,\"text\":\"可与替卡西林配伍\",\"value\":3}, {\"answer\":1,\"text\":\"为半合成β-内酰胺酶抑制剂\",\"value\":4}]",
    "title": "对克拉维酸描述正确的有"
  },
  {
    "id": 37126,
    "questionBankId": 31,
    "selectItem": "[{\"answer\":0,\"text\":\"属吡唑酮类\",\"value\":0}, {\"answer\":0,\"text\":\"无抗炎作用\",\"value\":1}, {\"answer\":0,\"text\":\"属芳基丙酸类\",\"value\":2}, {\"answer\":1,\"text\":\"可治疗风湿性关节炎\",\"value\":3}, {\"answer\":1,\"text\":\"抗炎作用比吲哚美辛强\",\"value\":4}]",
    "title": "关于双氯芬酸的叙述,正确的是"
  },
  {
    "id": 37070,
    "questionBankId": 31,
    "selectItem": "[{\"answer\":1,\"text\":\"水钠潴留\",\"value\":0}, {\"answer\":1,\"text\":\"过敏反应\",\"value\":1}, {\"answer\":1,\"text\":\"肝肾损害\",\"value\":2}, {\"answer\":1,\"text\":\"甲状腺肿大\",\"value\":3}, {\"answer\":1,\"text\":\"胃肠反应\",\"value\":4}]",
    "title": "保泰松的不良反应包括"
  },
  {
    "id": 37058,
    "questionBankId": 31,
    "selectItem": "[{\"answer\":0,\"text\":\"异烟肼\",\"value\":0}, {\"answer\":0,\"text\":\"链霉素\",\"value\":1}, {\"answer\":0,\"text\":\"利福平\",\"value\":2}, {\"answer\":1,\"text\":\"乙胺丁醇\",\"value\":3}]",
    "title": "长期大量使用可致视神经炎的药物是"
  },
  {
    "id": 37139,
    "questionBankId": 31,
    "selectItem": "[{\"answer\":0,\"text\":\"磺胺甲恶唑\",\"value\":0}, {\"answer\":1,\"text\":\"四环素\",\"value\":1}, {\"answer\":0,\"text\":\"链霉素\",\"value\":2}, {\"answer\":0,\"text\":\"庆大霉素\",\"value\":3}]",
    "title": "立克次体感染首选抗菌药物是"
  },
  {
    "id": 37192,
    "questionBankId": 31,
    "selectItem": "[{\"answer\":0,\"text\":\"青霉素\",\"value\":0}, {\"answer\":0,\"text\":\"头孢唑啉\",\"value\":1}, {\"answer\":1,\"text\":\"左氧氟沙星\",\"value\":2}, {\"answer\":0,\"text\":\"甲硝唑\",\"value\":3}]",
    "title": "应用下列哪种药物可能会发生跟腱炎或跟腱断裂的不良反应,需立即停药"
  },
  {
    "id": 37168,
    "questionBankId": 31,
    "selectItem": "[{\"answer\":1,\"text\":\"1～3天\",\"value\":0}, {\"answer\":0,\"text\":\"3～5天\",\"value\":1}, {\"answer\":0,\"text\":\"24小时以内\",\"value\":2}, {\"answer\":0,\"text\":\"1周\",\"value\":3}]",
    "title": "急性卡他性结膜炎潜伏期一般为"
  },
  {
    "id": 37066,
    "questionBankId": 31,
    "selectItem": "[{\"answer\":0,\"text\":\"促进肾小管对尿酸盐再吸收\",\"value\":0}, {\"answer\":0,\"text\":\"促进肾小管对尿素氮再吸收\",\"value\":1}, {\"answer\":1,\"text\":\"较大剂量可减少肾小管对尿酸盐再吸收\",\"value\":2}, {\"answer\":0,\"text\":\"较大剂量可减少肾小管对尿素氮再吸收\",\"value\":3}]",
    "title": "保泰松用于痛风治疗是因为"
  },
  {
    "id": 37150,
    "questionBankId": 31,
    "selectItem": "[{\"answer\":0,\"text\":\"可的松\",\"value\":0}, {\"answer\":0,\"text\":\"氢化可的松\",\"value\":1}, {\"answer\":0,\"text\":\"氟化可的松\",\"value\":2}, {\"answer\":1,\"text\":\"倍他米松\",\"value\":3}]",
    "title": "抗炎作用最强的糖皮质激素是"
  },
  {
    "id": 37148,
    "questionBankId": 31,
    "selectItem": "[{\"answer\":0,\"text\":\"解热镇痛作用弱,抗炎作用强,毒性较小\",\"value\":0}, {\"answer\":1,\"text\":\"解热镇痛作用弱,抗炎作用强,毒性较大\",\"value\":1}, {\"answer\":0,\"text\":\"解热镇痛作用强,抗炎作用弱,毒性较小\",\"value\":2}, {\"answer\":0,\"text\":\"解热镇痛作用强,抗炎作用弱,毒性较小\",\"value\":3}]",
    "title": "保泰松的特点是"
  },
  {
    "id": 37137,
    "questionBankId": 31,
    "selectItem": "[{\"answer\":0,\"text\":\"红霉素+青霉素G\",\"value\":0}, {\"answer\":1,\"text\":\"庆大霉素+青霉素G\",\"value\":1}, {\"answer\":0,\"text\":\"新霉素+青霉素G\",\"value\":2}, {\"answer\":0,\"text\":\"氨苄西林+阿莫西林\",\"value\":3}]",
    "title": "治疗草绿色链球菌引起的心内膜炎应选用"
  },
  {
    "id": 37099,
    "questionBankId": 31,
    "selectItem": "[{\"answer\":1,\"text\":\"软组织损伤性疼痛\",\"value\":0}, {\"answer\":1,\"text\":\"痛风性关节炎\",\"value\":1}, {\"answer\":0,\"text\":\"神经痛\",\"value\":2}, {\"answer\":1,\"text\":\"风湿性及类风湿性关节炎\",\"value\":3}, {\"answer\":1,\"text\":\"痛经\",\"value\":4}]",
    "title": "下列哪些是双氯芬酸的适应症"
  },
  {
    "id": 37177,
    "questionBankId": 31,
    "selectItem": "[{\"answer\":0,\"text\":\"青霉素\",\"value\":0}, {\"answer\":0,\"text\":\"头孢氨苄\",\"value\":1}, {\"answer\":0,\"text\":\"氨曲南\",\"value\":2}, {\"answer\":1,\"text\":\"美罗培南\",\"value\":3}]",
    "title": "长期使用下列哪种药物最容易引起二重感染"
  },
  {
    "id": 37052,
    "questionBankId": 31,
    "selectItem": "[{\"answer\":0,\"text\":\"多粘菌素E\",\"value\":0}, {\"answer\":0,\"text\":\"氨苄青霉素\",\"value\":1}, {\"answer\":0,\"text\":\"庆大霉素D\",\"value\":2}, {\"answer\":1,\"text\":\"羧苄青霉素\",\"value\":3}]",
    "title": "患绿脓杆菌感染的肾功能不良病人可选用"
  },
  {
    "id": 37046,
    "questionBankId": 31,
    "selectItem": "[{\"answer\":0,\"text\":\"加强抗生素的抗菌作用\",\"value\":0}, {\"answer\":0,\"text\":\"提高机体抗病能力\",\"value\":1}, {\"answer\":1,\"text\":\"抗炎、抗毒素、抗过敏、抗休克\",\"value\":2}, {\"answer\":0,\"text\":\"加强心肌收缩力,改善微循环\",\"value\":3}]",
    "title": "糖皮质激素用于严重感染的目的是"
  },
  {
    "id": 37080,
    "questionBankId": 31,
    "selectItem": "[{\"answer\":0,\"text\":\"环丙沙星\",\"value\":0}, {\"answer\":0,\"text\":\"磺胺嘧啶\",\"value\":1}, {\"answer\":1,\"text\":\"磺胺异恶唑\",\"value\":2}, {\"answer\":0,\"text\":\"磺胺米隆\",\"value\":3}]",
    "title": "下列适用于膀胱炎的药物是"
  },
  {
    "id": 37171,
    "questionBankId": 31,
    "selectItem": "[{\"answer\":1,\"text\":\"头孢哌酮舒巴坦+磷霉素钠\",\"value\":0}, {\"answer\":0,\"text\":\"头孢哌酮他唑巴坦+氨曲南\",\"value\":1}, {\"answer\":0,\"text\":\"替考拉宁+左氧氟沙星\",\"value\":2}, {\"answer\":0,\"text\":\"亚胺培南+氨曲南\",\"value\":3}]",
    "title": "肝硬化并发自发性细菌性腹膜炎哪项抗生素选择最优"
  },
  {
    "id": 37098,
    "questionBankId": 31,
    "selectItem": "[{\"answer\":0,\"text\":\"具有较好的抗炎解热及镇痛作用\",\"value\":0}, {\"answer\":0,\"text\":\"口服吸收迅速\",\"value\":1}, {\"answer\":0,\"text\":\"血浆蛋白结合率高\",\"value\":2}, {\"answer\":1,\"text\":\"胃肠道反应严重\",\"value\":3}]",
    "title": "有关布洛芬的说法,错误的是"
  },
  {
    "id": 37044,
    "questionBankId": 31,
    "selectItem": "[{\"answer\":0,\"text\":\"水杨酸钠\",\"value\":0}, {\"answer\":1,\"text\":\"阿司匹林\",\"value\":1}, {\"answer\":0,\"text\":\"保泰松\",\"value\":2}, {\"answer\":0,\"text\":\"吲哚美辛\",\"value\":3}]",
    "title": "治疗类风湿性关节炎的首选药是"
  },
  {
    "id": 37096,
    "questionBankId": 31,
    "selectItem": "[{\"answer\":1,\"text\":\"积极寻找并去除易感因素\",\"value\":0}, {\"answer\":0,\"text\":\"选用敏感抗菌药物\",\"value\":1}, {\"answer\":0,\"text\":\"联合使用抗菌药物\",\"value\":2}, {\"answer\":0,\"text\":\"延长给药疗程\",\"value\":3}]",
    "title": "慢性肾盂肾炎治疗的关键是"
  },
  {
    "id": 37162,
    "questionBankId": 31,
    "selectItem": "[{\"answer\":1,\"text\":\"硫酸锌滴眼剂\",\"value\":0}, {\"answer\":0,\"text\":\"庆大霉素滴眼剂\",\"value\":1}, {\"answer\":0,\"text\":\"醋酸可的松滴眼剂\",\"value\":2}, {\"answer\":0,\"text\":\"磺胺醋酰钠滴眼剂\",\"value\":3}]",
    "title": "急性结膜炎患者禁用的滴眼剂是"
  },
  {
    "id": 37106,
    "questionBankId": 31,
    "selectItem": "[{\"answer\":0,\"text\":\"红霉素\",\"value\":0}, {\"answer\":0,\"text\":\"林可霉素\",\"value\":1}, {\"answer\":1,\"text\":\"万古霉素\",\"value\":2}, {\"answer\":0,\"text\":\"泰利霉素\",\"value\":3}]",
    "title": "哪种药物对克林霉素所致假膜性肠炎有效"
  },
  {
    "id": 37184,
    "questionBankId": 31,
    "selectItem": "[{\"answer\":0,\"text\":\"抗菌药物的局部应用比较常用\",\"value\":0}, {\"answer\":0,\"text\":\"对轻症细菌感染者,为了彻底治愈,应该采用大剂量静脉给药,以确保疗效\",\"value\":1}, {\"answer\":0,\"text\":\"青霉素、头孢菌素类,也可以局部应用\",\"value\":2}, {\"answer\":1,\"text\":\"治疗中枢神经系统感染静脉给药,也可同时鞘内给药\",\"value\":3}]",
    "title": "抗菌药物的下列给药途径正确的是"
  },
  {
    "id": 37104,
    "questionBankId": 31,
    "selectItem": "[{\"answer\":1,\"text\":\"吡罗昔康\",\"value\":0}, {\"answer\":1,\"text\":\"塞来昔布\",\"value\":1}, {\"answer\":1,\"text\":\"双氯芬酸\",\"value\":2}, {\"answer\":0,\"text\":\"对乙酰氨基酚\",\"value\":3}, {\"answer\":1,\"text\":\"吲哚美辛\",\"value\":4}]",
    "title": "下列药物具有较强抗炎作用的是"
  },
  {
    "id": 37160,
    "questionBankId": 31,
    "selectItem": "[{\"answer\":0,\"text\":\"阿司匹林\",\"value\":0}, {\"answer\":1,\"text\":\"丙磺舒\",\"value\":1}, {\"answer\":0,\"text\":\"保泰松\",\"value\":2}, {\"answer\":1,\"text\":\"别嘌醇\",\"value\":3}, {\"answer\":0,\"text\":\"甲芬那酸\",\"value\":4}]",
    "title": "治疗慢性痛风可选用的药物是"
  },
  {
    "id": 37089,
    "questionBankId": 31,
    "selectItem": "[{\"answer\":0,\"text\":\"氧氟沙星\",\"value\":0}, {\"answer\":0,\"text\":\"红霉素\",\"value\":1}, {\"answer\":1,\"text\":\"青霉素\",\"value\":2}, {\"answer\":0,\"text\":\"氧氟沙星+红霉素\",\"value\":3}]",
    "title": "社区获得性肺炎,青壮年和无基础疾病的CAP患者选用"
  },
  {
    "id": 37048,
    "questionBankId": 31,
    "selectItem": "[{\"answer\":0,\"text\":\"氢化可的松\",\"value\":0}, {\"answer\":0,\"text\":\"泼尼松\",\"value\":1}, {\"answer\":1,\"text\":\"地塞米松\",\"value\":2}, {\"answer\":0,\"text\":\"去炎松\",\"value\":3}]",
    "title": "下列药物中抗炎作用最强是"
  },
  {
    "id": 37065,
    "questionBankId": 31,
    "selectItem": "[{\"answer\":1,\"text\":\"能降低发热者的体温\",\"value\":0}, {\"answer\":0,\"text\":\"与氯丙嗪对体温的影响相同\",\"value\":1}, {\"answer\":0,\"text\":\"镇痛作用部位主要在中枢\",\"value\":2}, {\"answer\":0,\"text\":\"对各种严重创伤性剧痛有效\",\"value\":3}]",
    "title": "下列对解热镇痛抗炎药正确的叙述是"
  },
  {
    "id": 37113,
    "questionBankId": 31,
    "selectItem": "[{\"answer\":0,\"text\":\"逐渐加大剂量\",\"value\":0}, {\"answer\":0,\"text\":\"小剂量长期维持用药\",\"value\":1}, {\"answer\":1,\"text\":\"与有效、足量的抗菌药合用\",\"value\":2}, {\"answer\":0,\"text\":\"加用促肾上腺皮质激素\",\"value\":3}]",
    "title": "糖皮质激素用于严重感染性疾病时必须"
  },
  {
    "id": 37208,
    "questionBankId": 31,
    "selectItem": "[{\"answer\":1,\"text\":\"抑制DNA回旋酶\",\"value\":0}, {\"answer\":0,\"text\":\"抑制肽酰基tRNA转移酶\",\"value\":1}, {\"answer\":0,\"text\":\"抑制二氢叶酸合成酶\",\"value\":2}, {\"answer\":0,\"text\":\"抑制二氢叶酸还原酶\",\"value\":3}]",
    "title": "喹诺酮的作用机制为"
  },
  {
    "id": 37109,
    "questionBankId": 31,
    "selectItem": "[{\"answer\":1,\"text\":\"红霉素\",\"value\":0}, {\"answer\":0,\"text\":\"苯唑西林\",\"value\":1}, {\"answer\":0,\"text\":\"氨苄西林\",\"value\":2}, {\"answer\":0,\"text\":\"羧苄西林\",\"value\":3}]",
    "title": "革兰阳性菌感染对青霉素过敏者可选用"
  },
  {
    "id": 37095,
    "questionBankId": 31,
    "selectItem": "[{\"answer\":1,\"text\":\"由细菌感染引起\",\"value\":0}, {\"answer\":0,\"text\":\"男性发病率稍高\",\"value\":1}, {\"answer\":1,\"text\":\"大肠杆菌感染最为常见\",\"value\":2}, {\"answer\":1,\"text\":\"可分为上行性感染和血源性感染\",\"value\":3}, {\"answer\":1,\"text\":\"表现为化脓性间质性肾炎\",\"value\":4}]",
    "title": "关于肾盂肾炎的说法,正确的是"
  },
  {
    "id": 37191,
    "questionBankId": 31,
    "selectItem": "[{\"answer\":0,\"text\":\"利福平\",\"value\":0}, {\"answer\":0,\"text\":\"异烟肼\",\"value\":1}, {\"answer\":1,\"text\":\"乙胺丁醇\",\"value\":2}, {\"answer\":0,\"text\":\"乙硫异烟肼\",\"value\":3}]",
    "title": "可引起球后视神经炎的抗结核药是"
  },
  {
    "id": 37211,
    "questionBankId": 31,
    "selectItem": "[{\"answer\":0,\"text\":\"抑制DNA合成\",\"value\":0}, {\"answer\":0,\"text\":\"抑制细菌细胞壁合成\",\"value\":1}, {\"answer\":1,\"text\":\"与50S亚基结合,阻断转肽和mRNA的位移\",\"value\":2}, {\"answer\":0,\"text\":\"与30S亚基结合,抑制蛋白质合成\",\"value\":3}]",
    "title": "红霉素的抗菌机制为"
  },
  {
    "id": 37076,
    "questionBankId": 31,
    "selectItem": "[{\"answer\":0,\"text\":\"青霉素\",\"value\":0}, {\"answer\":0,\"text\":\"红霉素\",\"value\":1}, {\"answer\":0,\"text\":\"卡那霉素\",\"value\":2}, {\"answer\":1,\"text\":\"羧苄西林\",\"value\":3}]",
    "title": "绿脓菌感染时,庆大霉素与下列哪一种药物合用可获得协同作用"
  },
  {
    "id": 37204,
    "questionBankId": 31,
    "selectItem": "[{\"answer\":1,\"text\":\"影响细菌的蛋白质合成\",\"value\":0}, {\"answer\":0,\"text\":\"影响细菌细胞膜的通透性\",\"value\":1}, {\"answer\":0,\"text\":\"影响细菌细胞壁的生长\",\"value\":2}, {\"answer\":0,\"text\":\"影响细菌S期\",\"value\":3}]",
    "title": "四环素的抗菌机制为"
  },
  {
    "id": 37103,
    "questionBankId": 31,
    "selectItem": "[{\"answer\":0,\"text\":\"有抗炎作用\",\"value\":0}, {\"answer\":0,\"text\":\"有镇痛及解热作用\",\"value\":1}, {\"answer\":0,\"text\":\"可用于风湿性关节炎的治疗\",\"value\":2}, {\"answer\":1,\"text\":\"胃肠道不良反应及出血发生率低\",\"value\":3}]",
    "title": "与其他非选择性非甾体类消炎药相比,塞来昔布的作用特点是"
  },
  {
    "id": 37079,
    "questionBankId": 31,
    "selectItem": "[{\"answer\":0,\"text\":\"大叶性肺炎\",\"value\":0}, {\"answer\":0,\"text\":\"化脓性骨髓炎\",\"value\":1}, {\"answer\":1,\"text\":\"细菌性肠炎\",\"value\":2}, {\"answer\":0,\"text\":\"结核性脑膜炎\",\"value\":3}]",
    "title": "呋喃唑酮适用于下列哪种疾病"
  },
  {
    "id": 37198,
    "questionBankId": 31,
    "selectItem": "[{\"answer\":0,\"text\":\"葡萄球菌\",\"value\":0}, {\"answer\":0,\"text\":\"肺炎球菌\",\"value\":1}, {\"answer\":0,\"text\":\"溶血性链球菌\",\"value\":2}, {\"answer\":1,\"text\":\"变形杆菌\",\"value\":3}]",
    "title": "急性化脓性中耳炎主要致病菌不包括下列哪一种细菌"
  },
  {
    "id": 37149,
    "questionBankId": 31,
    "selectItem": "[{\"answer\":0,\"text\":\"氢化可的松\",\"value\":0}, {\"answer\":0,\"text\":\"可的松\",\"value\":1}, {\"answer\":0,\"text\":\"泼尼松龙\",\"value\":2}, {\"answer\":1,\"text\":\"地塞米松\",\"value\":3}]",
    "title": "中毒性肺炎合并全身水肿宜选用的糖皮质激素是"
  },
  {
    "id": 37039,
    "questionBankId": 31,
    "selectItem": "[{\"answer\":0,\"text\":\"增加血浆补体浓度\",\"value\":0}, {\"answer\":1,\"text\":\"抑制细胞黏粘附因子的转录\",\"value\":1}, {\"answer\":1,\"text\":\"抑制白介素及肿瘤坏死因子生成\",\"value\":2}, {\"answer\":1,\"text\":\"减少NO的形成\",\"value\":3}, {\"answer\":1,\"text\":\"抑制前列腺素的产生\",\"value\":4}]",
    "title": "糖皮质激素抗炎机制是"
  },
  {
    "id": 37157,
    "questionBankId": 31,
    "selectItem": "[{\"answer\":1,\"text\":\"降低发热患者体温\",\"value\":0}, {\"answer\":1,\"text\":\"配合物理降温效果更好\",\"value\":1}, {\"answer\":0,\"text\":\"能使患者体温随环境变化而变化\",\"value\":2}, {\"answer\":1,\"text\":\"对正常体温无影响\",\"value\":3}, {\"answer\":0,\"text\":\"对正常人及发热病人体温均能降低\",\"value\":4}]",
    "title": "解热镇痛抗炎药的解热作用特点是"
  },
  {
    "id": 37115,
    "questionBankId": 31,
    "selectItem": "[{\"answer\":1,\"text\":\"抑制前列腺素、白三烯等合成\",\"value\":0}, {\"answer\":0,\"text\":\"抑制或杀灭细菌\",\"value\":1}, {\"answer\":1,\"text\":\"降低毛细血管通透性\",\"value\":2}, {\"answer\":1,\"text\":\"稳定肥大细胞膜,抑制脱颗粒\",\"value\":3}, {\"answer\":1,\"text\":\"抑制肉芽组织形成\",\"value\":4}]",
    "title": "糖皮质激素抗炎作用的主要机制是"
  },
  {
    "id": 37122,
    "questionBankId": 31,
    "selectItem": "[{\"answer\":1,\"text\":\"万古霉素\",\"value\":0}, {\"answer\":0,\"text\":\"克林霉素\",\"value\":1}, {\"answer\":0,\"text\":\"克拉霉素\",\"value\":2}, {\"answer\":0,\"text\":\"红霉素\",\"value\":3}]",
    "title": "用于耐青霉素的金葡菌引起的严重感染的药物是"
  },
  {
    "id": 37041,
    "questionBankId": 31,
    "selectItem": "[{\"answer\":1,\"text\":\"氢氯噻嗪\",\"value\":0}, {\"answer\":0,\"text\":\"螺内酯\",\"value\":1}, {\"answer\":0,\"text\":\"氨苯蝶啶\",\"value\":2}, {\"answer\":0,\"text\":\"阿米洛利\",\"value\":3}]",
    "title": "痛风患者慎用下列哪种药物"
  },
  {
    "id": 37195,
    "questionBankId": 31,
    "selectItem": "[{\"answer\":0,\"text\":\"SMZ+TMP\",\"value\":0}, {\"answer\":0,\"text\":\"链霉素+异烟肼\",\"value\":1}, {\"answer\":0,\"text\":\"哌拉西林+三唑巴坦\",\"value\":2}, {\"answer\":1,\"text\":\"妥布霉素+万古霉素\",\"value\":3}]",
    "title": "下列联合用药不恰当的是"
  },
  {
    "id": 37209,
    "questionBankId": 31,
    "selectItem": "[{\"answer\":0,\"text\":\"氯霉素\",\"value\":0}, {\"answer\":1,\"text\":\"氨基苷类\",\"value\":1}, {\"answer\":0,\"text\":\"青霉素\",\"value\":2}, {\"answer\":0,\"text\":\"氨苄西林\",\"value\":3}]",
    "title": "以下不易透过血脑屏障的抗菌药为"
  },
  {
    "id": 37045,
    "questionBankId": 31,
    "selectItem": "[{\"answer\":0,\"text\":\"解热作用较强\",\"value\":0}, {\"answer\":0,\"text\":\"镇痛作用较强\",\"value\":1}, {\"answer\":0,\"text\":\"抗炎抗风湿作用较强\",\"value\":2}, {\"answer\":1,\"text\":\"胃肠道反应较轻\",\"value\":3}]",
    "title": "布洛芬与阿司匹林比较主要特点是"
  },
  {
    "id": 37101,
    "questionBankId": 31,
    "selectItem": "[{\"answer\":1,\"text\":\"对乙酰氨基酚\",\"value\":0}, {\"answer\":0,\"text\":\"吲哚美辛\",\"value\":1}, {\"answer\":0,\"text\":\"布洛芬\",\"value\":2}, {\"answer\":0,\"text\":\"氨基比林\",\"value\":3}]",
    "title": "儿童因病毒感染引起发热、头痛,需使用非甾体抗炎药时,应首选"
  },
  {
    "id": 37116,
    "questionBankId": 31,
    "selectItem": "[{\"answer\":1,\"text\":\"万古霉素\",\"value\":0}, {\"answer\":0,\"text\":\"克林霉素\",\"value\":1}, {\"answer\":0,\"text\":\"克拉霉素\",\"value\":2}, {\"answer\":0,\"text\":\"青霉素\",\"value\":3}]",
    "title": "可治疗二重感染引起的伪膜性肠炎的药物是"
  },
  {
    "id": 37054,
    "questionBankId": 31,
    "selectItem": "[{\"answer\":1,\"text\":\"水杨酸反应\",\"value\":0}, {\"answer\":1,\"text\":\"过敏性哮喘\",\"value\":1}, {\"answer\":1,\"text\":\"胃肠道反应\",\"value\":2}, {\"answer\":1,\"text\":\"凝血障碍\",\"value\":3}, {\"answer\":1,\"text\":\"荨麻疹\",\"value\":4}]",
    "title": "阿司匹林的不良反应包括"
  },
  {
    "id": 37086,
    "questionBankId": 31,
    "selectItem": "[{\"answer\":1,\"text\":\"别嘌醇\",\"value\":0}, {\"answer\":1,\"text\":\"丙磺舒\",\"value\":1}, {\"answer\":1,\"text\":\"秋水仙碱\",\"value\":2}, {\"answer\":0,\"text\":\"扑热息痛\",\"value\":3}, {\"answer\":0,\"text\":\"安乃近\",\"value\":4}]",
    "title": "下列哪些为抗痛风药"
  },
  {
    "id": 37081,
    "questionBankId": 31,
    "selectItem": "[{\"answer\":1,\"text\":\"治疗草绿色链球菌、肠球菌所致的心内膜炎\",\"value\":0}, {\"answer\":1,\"text\":\"治疗钩端螺旋体病\",\"value\":1}, {\"answer\":0,\"text\":\"治疗真菌感染\",\"value\":2}, {\"answer\":0,\"text\":\"治疗G-杆菌引起的感染\",\"value\":3}, {\"answer\":1,\"text\":\"治疗溶血性链球菌、肺炎球菌所致的扁桃体炎、大叶性肺炎\",\"value\":4}]",
    "title": "青霉素可用于"
  },
  {
    "id": 88888,
    "questionBankId": 31,
    "selectItem": "[{\"answer\":0,\"text\":\"实例\",\"value\":0}, {\"answer\":0,\"text\":\"实例\",\"value\":1}, {\"answer\":0,\"text\":\"实例\",\"value\":2}, {\"answer\":1,\"text\":\"实例\",\"value\":3}]",
    "title": "实例"
  }
]